{"cameraMode":{"drawMode":0,"name":"Shaded","section":"Shading Mode"},"sceneLighting":false,"audioPlay":false,"sceneViewState":{"showFog":true,"showMaterialUpdate":false,"showSkybox":true,"showFlares":true,"showImageEffects":true,"showParticleSystems":true},"in2DMode":false,"pivot":{"x":-22.077491760253908,"y":-79.97737121582031,"z":88.32475280761719},"rotation":{"x":-0.3327886760234833,"y":0.08808545023202896,"z":-0.031239556148648263,"w":-0.9383642077445984},"size":252.2428741455078,"orthographic":false}